train_loss,validation_loss,test_loss,config
0.0002691407862585038,0.000272726989351213,0.000269327632850036,config_1
2.0526299476623535,2.0528745651245117,2.0510761737823486,config_2
7.466305732727051,7.419376850128174,7.477518558502197,config_3
7.216391963993374e-07,7.166096338551142e-07,7.229314178403001e-07,config_4
8.012737274169922,7.975635051727295,8.011960983276367,config_5
0.9455782771110535,0.9457526206970215,0.9452974200248718,config_6
